text,role
"Experienced in Python, pandas, and machine learning using TensorFlow and scikit-learn. Built predictive models and data visualizations.",Data Scientist
"Developed REST APIs with Flask and React frontend integration. Managed PostgreSQL database and JWT-based authentication.",Web Developer
"Designed user interfaces using Figma and implemented responsive layouts with HTML, CSS, and JavaScript.",UI/UX Designer
"Deployed web applications using Docker and Jenkins. Automated CI/CD pipelines and managed AWS EC2 instances.",DevOps Engineer
"Developed Android mobile applications using Java and XML layouts, integrated Firebase for authentication.",Android Developer
"Built SQL databases, wrote optimized queries, and created data pipelines for analytics dashboards.",Database Administrator
"Analyzed customer data using R and Excel, prepared business intelligence reports and KPIs.",Business Analyst
"Worked with routers, switches, and firewalls. Configured network protocols and performed troubleshooting.",Network Engineer
"Created dynamic web pages using PHP, MySQL, and Bootstrap. Managed server-side scripting and form handling.",Backend Developer
"Developed real-time dashboards using React and Redux. Consumed APIs and optimized component rendering.",Frontend Developer
"Implemented deep learning models with PyTorch, trained CNN and RNN architectures for image and text data.",Machine Learning Engineer
"Managed software development lifecycle, coordinated team members, and ensured timely project delivery.",Project Manager
"Designed branding materials, logos, and social media posts using Adobe Illustrator and Photoshop.",Graphic Designer
"Created and managed Azure cloud resources, configured Kubernetes clusters, and handled deployment pipelines.",Cloud Engineer
"Conducted penetration testing and implemented security protocols for web applications.",Cybersecurity Analyst
